,Predictions,Actual
0,-0.75794387,-1.6120651
1,-0.9631764,-1.8256505
2,-0.99497527,-1.7544553
3,-0.99916977,-1.4696748
4,-0.9998841,-1.6120651
5,-0.9995035,-1.2560894
6,-0.99889714,-1.3984797
7,-0.99815255,-1.4696748
8,-0.9999548,-2.181626
9,-0.9999863,-1.7544553
10,-0.99998593,-1.1848943
11,-0.97616446,-1.8968456
12,-0.9999896,-1.9680408
13,-0.99995255,-0.9713089
14,-0.90421766,-1.6832602
15,-0.9999614,-2.9647727
16,-0.99994016,-2.537602
17,-0.9999981,-1.6832602
18,-0.99928576,-0.6153332
19,-0.76820445,-0.40174782
20,-0.8596608,-0.6153332
21,-0.26798552,-0.9713089
22,-0.9828979,-0.9713089
23,-0.99235123,-0.9713089
24,-0.9992724,-1.3272846
25,-0.99945325,-1.0425041
26,-0.8855642,-1.1848943
27,-0.99743456,-1.1848943
28,-0.99784064,-0.82891864
29,-0.62625265,-0.47294295
30,-0.89463305,-1.3984797
31,-0.9997718,-1.1848943
32,-0.9993666,-2.0392358
33,-0.9999958,-2.6799922
34,-0.9999778,-1.6120651
35,-0.9999201,-0.7577235
36,-0.8312167,-1.6832602
37,-0.9999685,-2.6799922
38,-0.99993896,-2.3240163
39,-0.9999975,-1.6120651
40,-0.99879396,-0.18816242
41,-0.73522,-0.3305527
42,-0.9776184,-1.8256505
43,-0.9999317,-2.181626
44,-0.9999908,-1.2560894
45,-0.9959454,-2.181626
46,-0.99999344,-2.9647727
47,-0.9999747,-2.608797
48,-0.9999982,-1.3984797
49,-0.9949963,-0.82891864
50,-0.76850045,-1.6120651
51,-0.9999831,-2.537602
52,-0.9999461,-1.8256505
53,-0.9999901,-1.3984797
54,-0.9726217,-0.25935757
55,-0.28077683,-0.82891864
56,-0.373535,-0.18816242
57,-0.6513854,-0.045772154
58,-0.09898251,-0.11696729
59,-0.0824669,0.16781324
60,-0.041486576,-0.045772154
61,-0.84231335,-0.9713089
62,-0.9999393,-0.5441381
63,-0.006925327,0.23900838
64,-0.3156204,-0.3305527
65,-0.22349629,-0.6153332
66,-0.9994106,-1.8968456
67,-0.9997681,-1.8256505
68,-0.99999297,-0.6153332
69,-0.07638094,-0.18816242
70,-0.8949055,-1.3984797
71,-0.9999449,-2.4664068
72,-0.9999472,-2.181626
73,-0.99999535,-1.7544553
74,-0.99954176,-1.1848943
75,-0.9862801,-1.2560894
76,-0.9977164,-1.3272846
77,-0.99620336,-1.54087
78,-0.9999908,-0.6865284
79,-0.44657224,-0.045772154
80,-0.80163044,-0.7577235
81,-0.9992913,-1.3272846
82,-0.9997757,-0.6153332
83,-0.28453445,-0.18816242
84,-0.9317672,-1.0425041
85,-0.99967813,-1.1136992
86,-0.9994485,-0.40174782
87,-0.3891885,-0.6153332
88,-0.96851724,-0.82891864
89,-0.33244622,-0.25935757
90,-0.11305392,-0.11696729
91,-0.75872993,-1.1848943
92,-0.9998061,-0.90011376
93,-0.99025995,-0.9713089
94,-0.69384253,-0.7577235
95,-0.21674031,0.09661811
96,-0.010340208,0.38139865
97,-0.14882402,-0.47294295
98,-0.34697586,-0.6153332
99,-0.20104809,0.16781324
100,-0.014162569,0.38139865
101,-0.040120117,0.38139865
102,-0.13392873,0.45259377
103,-0.33244658,-0.47294295
104,-0.72568476,-0.7577235
105,-0.8182741,-0.9713089
106,-0.5080784,-0.6153332
107,-0.12769377,-0.47294295
108,-0.28432956,-0.40174782
109,-0.06759245,0.09661811
110,-0.006423191,0.16781324
111,-0.071679264,0.31020352
112,-0.027283046,0.16781324
113,-0.70468855,-0.90011376
114,-0.955983,-1.3272846
115,-0.99144316,-0.9713089
116,-0.62780845,-0.6153332
117,-0.02720961,-0.11696729
118,-0.30923572,-0.3305527
119,-0.19961852,-0.18816242
120,-0.006648421,0.23900838
121,-0.000220219,0.31020352
122,0.020697376,0.16781324
123,0.16435766,0.5237889
124,0.5119436,0.38139865
125,0.18273519,0.45259377
126,0.2993615,1.0221548
127,0.66950405,0.6661792
128,0.20455976,0.09661811
129,-0.19567204,-0.3305527
130,-0.07698736,-0.40174782
131,0.000368941,-0.045772154
132,0.064620614,0.38139865
133,0.34647605,0.38139865
134,0.21554631,0.38139865
135,0.35703513,0.38139865
136,0.3037797,0.59498405
137,0.43635595,0.59498405
138,0.21954566,0.38139865
139,0.4624699,0.38139865
140,0.8139292,0.87976456
141,0.41456962,0.09661811
142,-0.3712553,-0.6865284
143,-0.09825848,-0.47294295
144,-0.10537158,-0.40174782
145,-0.00465849,0.23900838
146,-0.03925886,0.16781324
147,-0.00394887,0.23900838
148,0.31888893,0.38139865
149,0.38115722,0.5237889
150,0.544534,0.6661792
151,0.5999625,0.59498405
152,0.45737606,0.5237889
153,0.22706196,0.5237889
154,0.75761414,0.6661792
155,0.231193,-0.045772154
156,-0.18498385,-0.18816242
157,0.21612257,0.38139865
158,0.3311037,0.5237889
159,0.7686926,0.7373743
160,0.6568844,0.80856943
161,0.73006743,0.6661792
162,0.55337375,0.87976456
163,0.9393956,0.87976456
164,0.7043564,0.87976456
165,0.9372616,0.87976456
166,0.852393,0.87976456
167,0.8351001,0.87976456
168,0.87189674,0.87976456
169,0.8392515,0.45259377
170,0.5530453,0.5237889
171,0.42984504,0.6661792
172,0.60540646,0.6661792
173,0.5734177,0.59498405
174,0.78988266,1.5205208
175,0.94860554,0.87976456
176,0.8546816,0.95095974
177,0.9384798,0.95095974
178,0.99276185,1.0221548
179,0.9909947,0.95095974
180,0.99754137,0.87976456
181,0.9934214,0.95095974
182,0.99778885,0.87976456
183,0.99483997,0.5237889
184,0.5021615,0.95095974
185,0.7569933,0.6661792
186,0.85531867,0.6661792
187,0.93433243,0.87976456
188,0.9620242,1.0933499
189,0.9949692,1.0933499
190,0.9973974,1.164545
191,0.9985757,1.0933499
192,0.9975442,1.0221548
193,0.997649,0.95095974
194,0.99561995,0.80856943
195,0.9775507,0.80856943
196,0.99325645,0.95095974
197,0.9984024,1.0221548
198,0.9964737,1.0933499
199,0.9991153,1.0221548
200,0.997509,0.95095974
201,0.99722254,0.87976456
202,0.9966307,1.0221548
203,0.99908185,1.164545
204,0.99946755,1.2357403
205,0.9995559,0.87976456
206,0.91891766,0.95095974
207,0.9935855,0.80856943
208,0.99396133,0.31020352
209,0.5183379,0.5237889
210,0.8365072,0.95095974
211,0.99449307,1.164545
212,0.99781966,1.0933499
213,0.9866946,1.0933499
214,0.9975974,0.95095974
215,0.99263364,1.0933499
216,0.99813676,1.164545
217,0.9991636,1.164545
218,0.9989478,1.164545
219,0.9992518,1.164545
220,0.99922144,1.0933499
221,0.99894875,1.164545
222,0.99940634,0.80856943
223,0.6935645,0.59498405
224,0.7915328,0.87976456
225,0.9724177,0.87976456
226,0.9741906,1.0221548
227,0.9964772,1.2357403
228,0.99815434,1.3781306
229,0.998665,1.3069354
230,0.9989243,1.3069354
231,0.9990865,1.3069354
232,0.99922967,1.3069354
233,0.9993563,1.164545
234,0.99925107,0.87976456
235,0.9725395,0.95095974
236,0.9974782,1.2357403
237,0.9994134,1.4493257
238,0.99959344,1.3781306
239,0.9996573,1.3781306
240,0.99970514,1.164545
241,0.9995111,1.3781306
242,0.99970216,1.5205208
243,0.9997552,1.4493257
244,0.99975616,1.2357403
245,0.99966383,1.3069354
246,0.99972564,1.3069354
247,0.9997129,1.3069354
248,0.9997167,1.164545
249,0.99950576,1.2357403
250,0.9996468,1.164545
251,0.999483,1.0221548
252,0.9983169,1.164545
253,0.99960417,1.3781306
254,0.99972624,1.2357403
255,0.9995578,1.2357403
256,0.99966204,1.0933499
257,0.9991153,1.164545
258,0.999582,1.0933499
259,0.9992004,0.80856943
260,0.9095745,0.95095974
261,0.99304765,1.0933499
262,0.9994272,1.2357403
263,0.99949014,1.3069354
264,0.99969697,0.7373743
265,0.27347514,-0.5441381
266,0.016481338,0.025422977
267,0.5753773,0.59498405
268,0.8667053,0.95095974
269,0.9200863,0.87976456
270,0.79936004,0.7373743
271,0.6956451,0.6661792
272,0.7962173,0.80856943
273,0.64688736,0.7373743
274,0.6064332,0.7373743
275,0.6740821,0.38139865
276,0.028428145,0.09661811
277,0.040911756,0.16781324
278,0.27850893,0.38139865
279,0.33550337,0.23900838
280,0.20043442,0.45259377
281,0.4573886,0.5237889
282,0.42045823,0.5237889
283,0.5368406,0.95095974
284,0.8919546,0.95095974
285,0.5255019,0.31020352
286,-0.17342912,-0.045772154
287,-0.006590419,0.31020352
288,0.5383808,0.7373743
289,0.6825822,0.87976456
290,0.5260948,0.80856943
291,0.2703645,0.95095974
292,0.8271559,0.95095974
293,0.19737908,-0.11696729
294,-0.17012519,-0.11696729
295,-0.000539504,-0.11696729
296,-0.06727564,-0.3305527
297,-0.012072908,0.09661811
298,0.18495986,0.09661811
299,0.093628876,0.23900838
300,0.18877135,0.38139865
301,0.31068128,0.23900838
302,0.20981741,0.16781324
303,0.19404323,0.025422977
304,0.3489438,0.09661811
305,0.108274296,0.31020352
306,0.11276828,0.16781324
307,0.071480304,0.31020352
308,0.23983899,0.23900838
309,0.13912468,0.23900838
310,0.32575575,0.31020352
311,0.20272163,0.16781324
312,0.11493468,0.16781324
313,-0.01289532,-0.3305527
314,-0.70470536,-0.90011376
315,-0.45993522,-0.6153332
316,-0.31375295,-0.18816242
317,-0.05176686,-0.25935757
318,-0.5202071,-0.9713089
319,-0.9925102,-0.82891864
320,-0.6082288,-0.7577235
321,-0.93668926,-0.6153332
322,-0.47486177,-0.6865284
323,-0.9409905,-0.5441381
324,-0.8511186,-1.1848943
325,-0.99961257,-1.8968456
326,-0.9998933,-2.4664068
327,-0.99999607,-2.3240163
328,-0.9999374,-1.8968456
329,-0.99998534,-2.0392358
330,-0.99981517,-2.0392358
331,-0.9999957,-1.9680408
332,-0.9999217,-1.3984797
333,-0.99995196,-0.9713089
334,-0.68140286,-0.18816242
335,-0.14574964,-0.5441381
336,-0.3149831,-0.25935757
337,-0.7979314,-1.2560894
338,-0.9999087,-1.2560894
339,-0.99910766,-0.7577235
340,-0.89780694,-1.2560894
341,-0.99991214,-0.9713089
342,-0.83617574,-0.40174782
343,-0.13044928,0.09661811
344,-0.42558235,-1.1848943
345,-0.999923,-1.8256505
346,-0.99987614,-1.1848943
347,-0.9594064,-0.6153332
348,-0.06369241,-0.11696729
349,-0.48602524,-0.6153332
350,-0.83974385,-1.1848943
351,-0.9997793,-0.90011376
352,-0.6905236,-1.0425041
353,-0.99566096,-0.9713089
354,-0.6574511,-0.6153332
355,-0.20340501,-0.40174782
356,-0.21722803,-0.40174782
357,-0.09365934,-0.18816242
358,-0.6510566,-0.5441381
359,-0.9996898,-1.1136992
360,-0.9994136,-1.3984797
361,-0.9999751,-1.1136992
362,-0.8775307,-1.2560894
363,-0.9997639,-1.3272846
364,-0.9920466,-1.2560894
365,-0.99964166,-0.25935757
366,-0.95576394,-1.3984797
367,-0.8938139,-1.7544553
368,-0.9999659,-1.54087
369,-0.9998878,-0.47294295
370,-0.6160176,-1.1848943
371,-0.9996793,-2.181626
372,-0.9998692,-1.54087
373,-0.99994445,-1.9680408
374,-0.9999052,-2.2528212
375,-0.99998784,-2.3952115
376,-0.99999857,-2.110431
377,-0.99989843,-1.3984797
378,-0.99951875,-1.9680408
379,-0.9999809,-2.110431
380,-0.99998915,-1.1848943
381,-0.99608374,-2.110431
382,-0.99998605,-2.8935776
383,-0.99996936,-2.4664068
384,-0.99999845,-2.608797
385,-0.9999728,-2.0392358
386,-0.99999666,-1.9680408
387,-0.99993014,-2.2528212
388,-0.9999982,-2.2528212
389,-0.9999707,-1.54087
390,-0.9999889,-1.3984797
391,-0.9777909,-1.1848943
392,-0.8378811,-0.82891864
393,-0.23485242,-1.0425041
394,-0.8031391,-0.6865284
395,-0.81204903,-1.2560894
396,-0.9811739,-1.6832602
397,-0.99850404,-1.8256505
398,-0.9999883,-1.4696748
399,-0.99536777,-0.9713089
400,-0.626472,-0.7577235
401,-0.2458741,-0.25935757
402,-0.18021904,-0.6153332
403,-0.86657256,-0.3305527
404,-0.913069,-1.2560894
405,-0.9996351,-1.0425041
406,-0.9989506,-0.82891864
407,-0.8886162,-2.110431
408,-0.9999937,-2.0392358
409,-0.9999511,-1.54087
410,-0.99998677,-1.8256505
411,-0.9985728,-1.54087
412,-0.999974,-1.1136992
413,-0.8419281,-0.18816242
414,-0.17462438,-0.18816242
415,-0.4131274,-0.47294295
416,-0.461427,-0.40174782
417,-0.4517917,-1.2560894
418,-0.99876595,-1.1136992
419,-0.99505097,-0.5441381
420,-0.5398217,-0.5441381
421,-0.7457555,-1.3984797
422,-0.9999124,-1.8256505
423,-0.99982303,-1.54087
424,-0.9999821,-1.1848943
425,-0.7910727,-0.40174782
426,-0.2614108,-0.25935757
427,-0.8531187,-1.6832602
428,-0.99993587,-2.608797
429,-0.999943,-2.608797
430,-0.999997,-1.54087
431,-0.995414,-1.9680408
432,-0.99997175,-2.608797
433,-0.999974,-2.608797
434,-0.9999987,-2.2528212
435,-0.99994576,-2.0392358
436,-0.9999964,-1.3272846
437,-0.9720532,-1.3272846
438,-0.99715084,-2.2528212
439,-0.99999404,-2.0392358
440,-0.9999565,-1.54087
441,-0.99998415,-1.3984797
442,-0.9676232,-1.3272846
443,-0.99675167,-0.9713089
444,-0.51696074,-0.9713089
445,-0.941949,-0.5441381
446,-0.5647528,-0.3305527
447,-0.07053315,-0.3305527
448,-0.21526815,-0.7577235
449,-0.9949745,-0.40174782
450,-0.006198342,-0.045772154
451,-0.38845074,0.025422977
452,-0.012025273,0.16781324
453,-0.23621699,-0.47294295
454,-0.99887574,-0.90011376
455,-0.042764954,-0.18816242
456,-0.21429285,-0.3305527
457,-0.05447737,0.025422977
458,-0.009453775,0.16781324
459,-0.02422768,-0.6153332
460,-0.7256363,-0.47294295
461,0.043612123,-0.3305527
462,-0.003186463,0.025422977
463,0.018064447,0.09661811
464,0.039734814,0.23900838
465,0.13684827,0.38139865
466,0.27143,0.38139865
467,0.31651917,0.38139865
468,0.28720495,-0.5441381
469,-0.6100715,-0.47294295
470,-0.16106367,0.31020352
471,0.5911137,0.5237889
472,0.31458223,0.23900838
473,0.41088954,0.59498405
474,0.007506354,-0.40174782
475,-0.5100918,-0.40174782
476,0.018718487,0.31020352
477,0.5702602,0.38139865
478,0.09069462,-0.25935757
479,-0.10064908,-0.11696729
480,0.23302968,0.23900838
481,0.22199254,0.025422977
482,-0.006785064,-0.3305527
483,0.000742459,0.16781324
484,0.018917026,-0.47294295
485,-0.26291916,-0.3305527
486,0.26062638,0.23900838
487,0.42915422,0.45259377
488,0.3054401,0.45259377
489,0.34951243,0.80856943
490,0.43874246,0.5237889
491,0.18334861,0.23900838
492,-0.25739235,-0.82891864
493,-0.5165526,-0.5441381
494,-0.03202154,-0.25935757
495,-0.002185349,-0.045772154
496,0.009196889,0.025422977
497,0.025386853,0.025422977
498,0.18586746,0.31020352
499,0.23110801,0.31020352
500,0.167535,0.59498405
501,0.43365264,0.5237889
502,0.19272135,0.38139865
503,0.4701475,0.59498405
504,0.7793854,0.80856943
505,0.22036643,0.23900838
506,0.07935138,-0.25935757
507,-0.037324477,-0.25935757
508,0.30727804,0.5237889
509,0.064324014,0.09661811
510,0.30141342,0.45259377
511,0.2884766,0.31020352
512,0.26576683,0.7373743
513,0.51908,0.80856943
514,0.5004267,0.7373743
515,0.18256971,-0.11696729
516,-0.34748274,-0.045772154
517,0.18472984,0.45259377
518,0.13470364,0.16781324
519,0.28674603,0.23900838
520,0.22828701,0.5237889
521,0.37466174,0.38139865
522,0.27717745,0.5237889
523,0.56467223,0.45259377
524,0.29005855,0.59498405
525,0.68455607,0.45259377
526,0.21611877,0.38139865
527,0.68279505,0.59498405
528,0.60641056,0.5237889
529,0.4275028,0.5237889
530,0.729988,0.6661792
531,0.6067834,0.6661792
532,0.5518007,0.7373743
533,0.7764402,0.80856943
534,0.7488455,0.95095974
535,0.80373627,0.87976456
536,0.79618007,0.95095974
537,0.83227354,0.95095974
538,0.84854656,1.0221548
539,0.85618114,0.59498405
540,0.63255996,0.80856943
541,0.7908131,0.5237889
542,0.5000175,0.7373743
543,0.8860761,0.80856943
544,0.9772293,0.5237889
545,0.36148012,0.5237889
546,0.823176,0.59498405
547,0.4904701,0.7373743
548,0.82414705,0.95095974
549,0.98465556,0.87976456
550,0.9338728,0.87976456
551,0.9893699,1.0221548
552,0.9981308,0.87976456
553,0.94383705,0.80856943
554,0.9730151,0.95095974
555,0.99797404,0.95095974
556,0.98928404,0.7373743
557,0.7791174,0.7373743
558,0.8914339,0.95095974
559,0.99614847,0.95095974
560,0.9766554,0.95095974
561,0.9895096,0.95095974
562,0.99754816,1.0221548
563,0.9892278,1.0221548
564,0.9972699,1.0221548
565,0.99608177,0.95095974
566,0.9940105,0.87976456
567,0.992512,0.95095974
568,0.99782264,1.0933499
569,0.99877185,1.0933499
570,0.99855334,1.0221548
571,0.9976725,1.0221548
572,0.9986247,1.0933499
573,0.9991418,1.2357403
574,0.9995065,1.164545
575,0.99931335,1.0933499
576,0.99907696,1.0933499
577,0.9992786,1.164545
578,0.9994981,1.2357403
579,0.99961555,1.2357403
580,0.99961406,1.164545
581,0.9994746,1.164545
582,0.9995154,1.3069354
583,0.999686,1.3069354
584,0.9996892,1.3069354
585,0.99970824,1.2357403
586,0.99964654,1.3781306
587,0.9997371,1.0933499
588,0.998672,1.2357403
589,0.99967456,1.164545
590,0.9994779,1.3069354
591,0.999703,1.3781306
592,0.9997366,1.3781306
593,0.9997454,1.3069354
594,0.9997224,1.3781306
595,0.9997563,1.3069354
596,0.9997223,1.3781306
597,0.9997577,1.3781306
598,0.99975556,1.5205208
599,0.99978656,1.4493257
600,0.9997764,1.3781306
601,0.9997696,1.3069354
602,0.9997538,1.164545
603,0.999637,1.0933499
604,0.9993724,1.2357403
605,0.9996532,1.3069354
606,0.9996978,0.59498405
607,0.3362214,0.80856943
608,0.9158042,1.164545
609,0.99944395,1.3069354
610,0.999146,1.3069354
611,0.99961627,1.3069354
612,0.9996767,1.0933499
613,0.9988914,1.0933499
614,0.9993886,1.0221548
615,0.9987601,0.87976456
616,0.9926247,1.0933499
617,0.9992343,1.0933499
618,0.99910575,0.95095974
619,0.9957586,0.87976456
620,0.9980496,0.95095974
621,0.9989728,1.2357403
622,0.9995963,1.3781306
623,0.99970716,1.2357403
624,0.99957687,1.2357403
625,0.99964035,1.2357403
626,0.99962604,0.95095974
627,0.99260145,0.95095974
628,0.9992054,0.95095974
629,0.99878746,0.6661792
630,0.42627952,0.45259377
631,0.30808544,0.45259377
632,0.72285914,0.95095974
633,0.70088476,0.95095974
634,0.9779498,1.0933499
635,0.98993754,1.0933499
636,0.9976399,1.0221548
637,0.99103874,0.80856943
638,0.9261469,0.95095974
639,0.98676455,0.95095974
640,0.99589795,0.7373743
641,0.67272025,0.80856943
642,0.79696196,0.95095974
643,0.99543,0.80856943
644,0.82268417,0.7373743
645,0.8013939,0.59498405
646,0.7703283,0.7373743
647,0.94141203,0.87976456
648,0.99483347,0.80856943
649,0.7674587,0.5237889
650,0.21567278,0.09661811
651,0.017932912,0.16781324
652,0.15034828,0.38139865
653,0.22350723,0.45259377
654,0.30577484,0.45259377
655,0.44915426,0.6661792
656,0.6011245,0.6661792
657,0.32415953,0.59498405
658,0.6896985,0.6661792
659,0.842267,1.0933499
660,0.6643831,0.59498405
661,0.64208543,0.5237889
662,0.46112084,0.59498405
663,0.6354358,0.38139865
664,0.2422826,0.31020352
665,0.40411568,0.025422977
666,0.047926497,-0.045772154
667,0.15278907,0.16781324
668,0.44479442,0.59498405
669,0.71109974,0.38139865
670,0.51883614,0.38139865
671,0.43345857,-0.18816242
672,-0.6128897,-0.6865284
673,-0.03526844,-0.11696729
674,-0.037322436,0.025422977
675,0.001446188,-0.045772154
676,-0.021147728,-0.3305527
677,-0.007825891,0.025422977
678,0.007422003,0.025422977
679,0.000493112,-0.25935757
680,-0.036831696,-0.18816242
681,0.014928762,-0.11696729
682,0.006897297,-0.045772154
683,0.003589502,0.59498405
684,-0.02404315,-0.18816242
685,-0.7361156,-0.7577235
686,-0.57335544,-0.6153332
687,-0.1682082,-0.5441381
688,-0.14271303,-0.25935757
689,-0.099240705,0.45259377
690,-0.13093098,-0.47294295
691,-0.79888254,-0.6865284
692,-0.5904663,-0.7577235
693,-0.7173789,-0.6153332
694,-0.018269368,-0.045772154
695,-0.19463763,-0.6865284
696,-0.6771699,-0.90011376
697,-0.99952805,-0.5441381
698,-0.06640996,-0.40174782
699,-0.70893794,-1.1848943
700,-0.9999033,-1.6832602
701,-0.99988014,-1.6120651
702,-0.99997854,-1.0425041
703,-0.65182316,-0.18816242
704,-0.10716519,0.025422977
705,-0.43194044,-0.90011376
706,-0.99983954,-2.0392358
707,-0.9999181,-1.8256505
708,-0.9999764,-1.4696748
709,-0.99638796,-1.2560894
710,-0.9921629,-1.1136992
711,-0.9517942,-1.3272846
712,-0.9999583,-1.4696748
713,-0.99972755,-1.3984797
714,-0.99998987,-0.9713089
715,-0.6334393,-0.9713089
716,-0.5423451,-0.82891864
717,-0.19530058,-0.6153332
718,-0.12194378,-0.40174782
719,-0.3303267,-0.3305527
720,-0.106764555,0.16781324
721,-0.2803015,-0.7577235
722,-0.9914255,-0.82891864
723,-0.23838522,-0.47294295
724,-0.7774418,-1.1136992
725,-0.9983216,-1.1848943
726,-0.9999536,-1.7544553
727,-0.9999887,-1.3984797
728,-0.9851495,-0.82891864
729,-0.7378426,-0.40174782
730,-0.24121603,-0.47294295
731,-0.24863905,-0.25935757
732,-0.20114231,-0.5441381
733,-0.99941826,-0.6865284
734,-0.010721478,0.23900838
735,-0.70548964,-1.1136992
736,-0.99874544,-2.110431
737,-0.9999553,-1.9680408
738,-0.99999547,-1.54087
739,-0.99506515,-1.7544553
740,-0.99998224,-1.7544553
741,-0.99992526,-1.8256505
742,-0.9999964,-1.3272846
743,-0.9759685,-1.6120651
744,-0.9998599,-1.7544553
745,-0.9998491,-1.4696748
746,-0.9999832,-0.6865284
747,-0.8782199,-1.1136992
748,-0.9980089,-1.6120651
749,-0.9996051,-2.0392358
750,-0.9999951,-1.8256505
751,-0.99995077,-1.4696748
752,-0.9999864,-1.3272846
753,-0.88589436,-0.82891864
754,-0.25432536,-0.82891864
755,-0.4063407,-1.1848943
756,-0.9733127,-1.8256505
757,-0.9999815,-1.6120651
758,-0.9998653,-1.0425041
759,-0.999403,-1.3984797
760,-0.9979196,-1.1848943
761,-0.9254879,-1.7544553
762,-0.9999895,-1.8968456
763,-0.9998584,-1.2560894
764,-0.99997735,-0.3305527
765,-0.9443993,-1.3984797
766,-0.99883527,-1.6120651
767,-0.99991226,-1.3272846
768,-0.99995255,-0.9713089
769,-0.8698208,-0.6153332
770,-0.19203687,0.09661811
771,-0.089188226,-0.3305527
772,-0.09874802,-0.6153332
773,-0.9962936,-1.54087
774,-0.99966764,-1.6832602
775,-0.9999918,-1.6120651
776,-0.9981002,-1.3984797
777,-0.9996284,-1.4696748
778,-0.998104,-1.0425041
779,-0.62851346,-0.9713089
780,-0.7261476,-1.0425041
781,-0.7180965,-0.18816242
782,-0.74745613,-0.5441381
783,-0.6460128,-0.47294295
784,-0.06366711,-0.3305527
785,-0.5122433,-0.6153332
786,-0.46149737,-0.5441381
787,-0.035416048,-0.5441381
788,-0.33144525,-0.25935757
789,-0.076505765,0.16781324
790,-0.16562745,0.025422977
791,-0.21228716,-0.18816242
792,-0.33089235,-0.40174782
793,-0.99311304,-1.1848943
794,-0.9992216,-1.1848943
795,-0.2735796,-1.1848943
796,-0.9779365,-1.2560894
797,-0.99906737,-0.90011376
798,-0.5276561,-0.25935757
799,-0.16780688,-0.045772154
800,-0.068262935,-0.045772154
801,-0.23980008,-0.47294295
802,-0.9987197,0.16781324
803,-0.49720088,-0.6865284
804,-0.20572133,-0.18816242
805,-0.021130092,-0.18816242
806,-0.52735174,-0.045772154
807,-0.05760041,0.38139865
808,0.13208967,-0.40174782
809,-0.70142,-0.6865284
810,-0.8640753,-0.40174782
811,-0.033943467,-0.3305527
812,-0.13310437,0.025422977
813,-0.027519967,0.16781324
814,-0.049195398,0.6661792
815,-0.021419419,0.025422977
816,-0.001044626,0.16781324
817,-0.03920018,-0.18816242
818,-0.78355956,-1.1136992
819,-0.9666164,-1.2560894
820,-0.91029054,-1.3272846
821,-0.9330879,-0.6153332
822,-0.020045064,0.23900838
823,-0.063077,-0.82891864
824,-0.90899545,-0.9713089
825,-0.99986845,-0.6865284
826,-0.23043756,-0.40174782
827,-0.5045226,-0.6153332
828,-0.5823154,-0.47294295
829,-0.040239792,0.16781324
830,-0.016837848,0.38139865
831,-0.09243305,-0.82891864
832,-0.73321056,-0.7577235
833,-0.8602837,-0.6153332
834,-0.09250753,-0.18816242
835,-0.015686072,-0.18816242
836,-0.25826672,-0.11696729
837,-0.007117566,-0.25935757
838,-0.073947564,-0.18816242
839,-0.004377529,-0.18816242
840,-0.001957741,0.09661811
841,-0.027305147,0.6661792
842,0.26703015,-0.18816242
843,-0.45306018,-0.40174782
844,-0.17097893,-0.3305527
845,-0.025147656,-0.25935757
846,-0.05965425,-0.045772154
847,-0.001152054,0.025422977
848,0.000689877,-0.11696729
849,-0.004034048,0.09661811
850,-0.03724069,0.025422977
851,-0.09562597,0.09661811
852,-0.06779908,0.09661811
853,0.042581398,-0.11696729
854,-0.006199939,0.025422977
855,0.66104406,0.59498405
856,0.7347865,0.59498405
857,0.29847196,0.38139865
858,0.5611498,0.31020352
859,0.67214394,0.6661792
860,0.4655917,0.38139865
861,0.4590925,0.09661811
862,-0.24161252,-0.47294295
863,-0.01544278,-0.25935757
864,0.11156389,0.025422977
865,0.04250982,0.23900838
866,0.12664632,0.025422977
867,0.31981272,0.16781324
868,0.14702922,-0.045772154
869,0.62925774,0.45259377
870,0.20489399,0.59498405
871,0.07275931,0.38139865
872,0.2901281,0.38139865
873,0.552356,0.59498405
874,0.21649586,0.09661811
875,-0.23829205,-0.25935757
876,-0.026809067,0.23900838
877,0.46623412,0.23900838
878,0.26793626,0.025422977
879,0.15870367,-0.11696729
880,0.4074727,0.16781324
881,0.5314671,0.45259377
882,0.54656565,0.6661792
883,0.49668214,0.5237889
884,0.50869614,0.7373743
885,0.8821623,0.80856943
886,0.37032261,0.59498405
887,0.6246748,0.025422977
888,-0.027454693,0.5237889
889,0.5214362,0.59498405
890,0.6837308,0.5237889
891,0.5077834,0.31020352
892,0.6739109,0.5237889
893,0.67344886,0.38139865
894,0.3977821,0.31020352
895,0.64839363,0.45259377
896,0.42927545,0.5237889
897,0.37144288,0.6661792
898,0.7146385,0.7373743
899,0.4467018,0.7373743
900,0.6902307,0.80856943
901,0.80787176,0.6661792
902,0.72823524,1.0221548
903,0.9178444,1.0933499
904,0.8678509,1.0221548
905,0.7881296,1.0933499
906,0.8642805,1.164545
907,0.8576572,1.0933499
908,0.8369297,1.164545
909,0.8743373,1.0933499
910,0.8427197,1.0933499
911,0.8712674,1.0221548
912,0.8827077,1.0933499
913,0.9776995,1.0933499
914,0.9953823,1.0221548
915,0.99616814,0.95095974
916,0.9962293,0.87976456
917,0.9932298,1.0933499
918,0.9986628,1.0933499
919,0.9987332,1.164545
920,0.99931026,0.95095974
921,0.99194556,1.0221548
922,0.99900025,1.0221548
923,0.9989932,1.164545
924,0.9993888,1.2357403
925,0.9996051,1.3781306
926,0.99969614,1.3069354
927,0.9996804,1.3781306
928,0.999736,1.3069354
929,0.9997075,1.3781306
930,0.99974936,1.3069354
931,0.9997172,1.164545
932,0.99954695,1.3781306
933,0.99972445,1.3069354
934,0.9996891,1.4493257
935,0.99976414,1.3069354
936,0.99970526,1.3781306
937,0.99975675,1.2357403
938,0.99965405,1.2357403
939,0.9996704,1.3069354
940,0.99970764,1.3069354
941,0.9997074,1.3069354
942,0.9997156,1.3069354
943,0.99971753,1.3069354
944,0.9997186,1.3781306
945,0.99974996,1.3781306
946,0.9997515,1.3069354
947,0.9997271,0.95095974
948,0.9921863,0.87976456
949,0.9987878,1.0933499
950,0.9995995,1.0221548
951,0.9969234,1.164545
952,0.99957925,1.2357403
953,0.9996464,1.164545
954,0.9994672,1.164545
955,0.99955755,1.2357403
956,0.99963903,1.2357403
957,0.9996357,1.3069354
958,0.99970716,1.3069354
959,0.9997055,1.3069354
960,0.9997141,1.3069354
961,0.99971634,1.4493257
962,0.9997662,1.5205208
963,0.9997819,1.3781306
964,0.99975544,1.5205208
965,0.9997923,1.164545
966,0.9994973,0.5237889
967,0.33606654,0.23900838
968,0.19151329,0.45259377
969,0.35680318,0.6661792
970,0.26680216,0.7373743
971,0.49748707,0.95095974
972,0.59448326,0.5237889
973,0.6033451,0.5237889
974,0.6807449,0.87976456
975,0.78537244,1.0933499
976,0.8832111,1.0221548
977,0.9202605,0.95095974
978,0.9946513,0.95095974
979,0.99610525,0.80856943
980,0.96021074,0.87976456
981,0.9915167,0.80856943
982,0.9873384,0.87976456
983,0.993742,0.95095974
984,0.99857223,1.0933499
985,0.9980786,0.95095974
986,0.9953884,0.87976456
987,0.99406636,0.95095974
988,0.99880695,0.95095974
989,0.99634665,1.0933499
990,0.9992849,1.164545
991,0.9994124,1.0933499
992,0.9989255,1.0933499
993,0.99933136,0.80856943
994,0.9029032,0.7373743
995,0.96420336,0.80856943
996,0.99701786,0.95095974
997,0.98766,0.95095974
998,0.99679345,0.87976456
999,0.98658866,1.0221548
1000,0.99810505,1.0221548
1001,0.998401,1.164545
1002,0.9991742,1.2357403
1003,0.99945587,1.164545
1004,0.9992704,1.0933499
1005,0.99904555,0.80856943
1006,0.9216076,1.0221548
1007,0.9911896,1.164545
1008,0.9990884,0.59498405
1009,0.29009134,-0.045772154
1010,0.06837767,0.23900838
1011,0.32600567,0.45259377
1012,0.19804712,0.31020352
1013,0.15056124,0.09661811
1014,0.0647338,-0.045772154
1015,0.012873095,0.09661811
1016,0.2825008,0.31020352
1017,0.65583515,0.7373743
1018,0.71885663,0.95095974
1019,0.6034035,0.95095974
1020,0.5936172,0.38139865
1021,0.25383583,0.23900838
1022,0.16317542,0.025422977
1023,0.019287484,-0.18816242
1024,0.020339726,0.025422977
1025,0.23314877,0.38139865
1026,0.7286437,0.59498405
1027,0.6163783,0.45259377
1028,0.60364884,0.7373743
1029,0.8695511,1.0221548
1030,0.82667917,0.95095974
1031,0.42956063,0.95095974
1032,0.9206778,0.95095974
1033,0.46696505,0.23900838
1034,-0.17995937,-0.40174782
1035,-0.000812606,-0.47294295
1036,0.007647532,-0.045772154
1037,0.49151915,0.45259377
1038,0.21163927,0.45259377
1039,0.20676331,0.38139865
1040,0.27461845,0.38139865
1041,0.2850143,0.23900838
1042,0.3729891,0.31020352
1043,0.51013476,0.38139865
1044,0.25282237,0.16781324
1045,0.49861184,0.7373743
1046,0.5852807,0.7373743
1047,0.24422616,0.23900838
1048,0.2334749,0.025422977
1049,4.43E-05,-0.18816242
1050,0.004008309,-0.18816242
1051,-0.011770677,-0.3305527
1052,-0.020920986,-0.3305527
1053,-0.6217795,-0.5441381
1054,-0.1386022,-0.47294295
1055,-0.7610317,-0.40174782
1056,-0.42962775,-0.25935757
1057,-0.19760412,-0.40174782
1058,-0.06469026,-0.11696729
1059,0.028381128,0.16781324
1060,0.003791119,0.025422977
1061,-0.000450769,-0.045772154
1062,-0.022126166,-0.3305527
1063,-0.78910196,-1.3272846
1064,-0.9682648,-1.3984797
1065,-0.926509,-0.6865284
1066,-0.016736737,-0.11696729
1067,-0.5825276,-0.6153332
1068,-0.8689708,-0.6865284
1069,-0.96717685,-0.6865284
1070,-0.689878,-0.6153332
1071,-0.5301259,-0.3305527
1072,-0.099948175,-0.40174782
1073,-0.3729796,-0.47294295
1074,-0.9935075,-1.1136992
1075,-0.999935,-1.2560894
1076,-0.99955606,-0.90011376
1077,-0.9059801,-1.3984797
1078,-0.9999356,-1.3984797
1079,-0.9985518,-1.4696748
1080,-0.9999932,-1.3984797
1081,-0.9998424,-1.6120651
1082,-0.9999926,-1.8968456
1083,-0.9998876,-2.181626
1084,-0.999998,-1.8968456
1085,-0.99990976,-0.82891864
1086,-0.86687636,-0.9713089
1087,-0.9997073,-0.47294295
1088,-0.92025435,-1.4696748
1089,-0.9959687,-1.4696748
1090,-0.99931264,-0.82891864
1091,-0.98449427,-1.1136992
1092,-0.9996024,-2.7511873
1093,-0.9999391,-2.608797
1094,-0.9999982,-1.6832602
1095,-0.99904186,-0.9713089
1096,-0.8670534,-0.82891864
1097,-0.5953299,-0.7577235
1098,-0.17850107,0.09661811
1099,-0.053071253,0.23900838
1100,-0.031531107,0.45259377
1101,-0.018310832,-0.11696729
1102,-0.030476106,0.16781324
1103,-0.33645803,-0.7577235
1104,-0.99976593,-1.3272846
1105,-0.23162577,-0.47294295
1106,-0.40015218,-0.5441381
1107,-0.048378926,-0.47294295
1108,-0.6687843,-0.7577235
1109,-0.99896944,-2.0392358
1110,-0.99994767,-1.54087
1111,-0.99975055,-2.9647727
1112,-0.999997,-2.7511873
1113,-0.9999738,-2.3952115
1114,-0.9999932,-0.9713089
1115,-0.21703885,-0.11696729
1116,-0.14660364,-0.045772154
1117,-0.060154904,0.23900838
1118,-0.107356705,-0.25935757
1119,-0.99960965,-1.3272846
1120,-0.9996656,-0.6153332
1121,-0.24720573,-0.47294295
1122,-0.9878995,-1.1848943
1123,-0.99416614,-1.3272846
1124,-0.9999728,-0.6153332
1125,-0.17843036,-0.6153332
1126,-0.9113241,-0.40174782
1127,-0.741379,-0.6153332
1128,-0.16442136,-0.6865284
1129,-0.22339697,-0.25935757
1130,-0.54712045,-0.82891864
1131,-0.9898419,-1.4696748
1132,-0.99765766,-1.6120651
1133,-0.9999865,-1.4696748
1134,-0.99518687,-1.1136992
1135,-0.9060794,-0.5441381
1136,-0.20940252,-0.6865284
1137,-0.31917864,-0.25935757
1138,-0.78162825,-1.1136992
1139,-0.9999207,-1.54087
1140,-0.9995957,-1.54087
1141,-0.9999889,-0.6153332
1142,-0.28563824,0.16781324
1143,-0.118116125,0.025422977
1144,-0.09372046,-0.11696729
1145,-0.9932619,-1.0425041
1146,-0.99974483,-0.40174782
1147,-0.012906365,0.38139865
1148,-0.23701137,0.16781324
1149,-0.0073963,0.025422977
1150,-0.8980802,-0.9713089
1151,-0.9999614,-1.1848943
1152,-0.99036217,-1.1136992
1153,-0.5829467,-0.47294295
1154,-0.034617502,0.23900838
1155,-0.021838756,0.025422977
1156,-0.28648716,-0.47294295
1157,-0.21147338,-0.25935757
1158,-0.009244942,-0.11696729
1159,-0.011836634,0.16781324
1160,-0.04209492,-0.25935757
1161,-0.99412644,-1.1848943
1162,-0.99996734,-0.9713089
1163,-0.00862846,0.23900838
1164,-0.021053016,0.31020352
1165,-0.24527508,-0.47294295
1166,-0.98453486,-0.90011376
1167,-0.9624685,-1.0425041
1168,-0.83924973,-0.9713089
1169,-0.15690352,-0.3305527
1170,-0.06439046,0.38139865
1171,-0.012182674,-0.11696729
1172,-0.15226418,-0.18816242
1173,-0.15107156,0.23900838
1174,-0.03760063,0.16781324
1175,-0.4147502,-0.47294295
1176,-0.86485547,-1.1136992
1177,-0.93201417,-0.90011376
1178,-0.6595674,-0.9713089
1179,-0.4217774,-0.6153332
1180,-0.37796366,-0.11696729
1181,-0.019296508,0.23900838
1182,-0.019757068,0.31020352
1183,-0.015571916,0.31020352
1184,0.02455707,0.31020352
1185,0.29706022,0.23900838
1186,0.21105632,0.38139865
1187,0.35603392,0.31020352
1188,0.12090844,0.09661811
1189,8.36E-05,-0.11696729
1190,0.000989637,0.31020352
1191,0.38491872,0.5237889
1192,0.48457152,0.5237889
1193,0.35710987,0.09661811
1194,-0.13968873,-0.18816242
1195,-0.052836932,0.025422977
1196,0.063790426,0.025422977
1197,0.015518012,-0.25935757
1198,-0.07762188,-0.045772154
1199,-0.006597256,0.31020352
1200,0.007513157,-0.47294295
1201,-0.55365026,-0.47294295
1202,-0.23554498,-0.25935757
1203,-0.011639115,-0.11696729
1204,-0.002157936,0.23900838
1205,0.011748496,0.38139865
1206,0.05004459,-0.25935757
1207,-0.22168902,-0.045772154
1208,0.24076311,0.31020352
1209,0.21174295,0.31020352
1210,0.22708313,0.38139865
1211,0.18185735,0.45259377
1212,0.15873209,0.09661811
1213,0.18880478,0.09661811
1214,0.46273038,0.45259377
1215,0.39552143,0.59498405
1216,0.27154553,0.6661792
1217,0.1600362,-0.40174782
1218,-0.4104363,-0.47294295
1219,-0.21269022,-0.40174782
1220,-0.000353256,0.38139865
1221,0.39544198,0.45259377
1222,0.12197072,-0.045772154
1223,0.8209366,0.87976456
1224,0.3657175,0.59498405
1225,0.014165095,-0.40174782
1226,0.1975256,0.025422977
1227,0.46312428,0.45259377
1228,0.36638975,0.6661792
1229,0.14441802,-0.045772154
1230,-0.07874727,0.025422977
1231,0.3313315,0.16781324
1232,0.33251274,0.31020352
1233,0.25977835,0.23900838
1234,0.19548215,0.025422977
1235,0.30408484,0.45259377
1236,0.4165307,0.6661792
1237,0.25368777,0.38139865
1238,0.33019987,0.23900838
1239,0.562503,0.5237889
1240,0.42259577,0.6661792
1241,0.28988218,0.5237889
1242,0.33822024,0.6661792
1243,0.83705866,0.95095974
1244,0.7367864,1.0221548
1245,0.44894677,0.31020352
1246,-0.14378227,-0.045772154
1247,-0.009317597,-0.11696729
1248,0.13395484,0.09661811
1249,0.18435167,0.09661811
1250,0.4793035,0.5237889
1251,0.7630688,0.95095974
1252,0.84491074,1.164545
1253,0.51774156,0.6661792
1254,0.52620125,0.5237889
1255,0.5234962,0.5237889
1256,0.37864202,0.45259377
1257,0.5587754,0.5237889
1258,0.81587875,0.87976456
1259,0.71355355,0.80856943
1260,0.59369045,0.6661792
1261,0.80415004,0.5237889
1262,0.6683819,0.7373743
1263,0.8065185,0.87976456
1264,0.8180136,0.87976456
1265,0.82887053,0.80856943
1266,0.8919476,0.80856943
1267,0.84499973,0.87976456
1268,0.871854,1.0221548
1269,0.9028554,1.164545
1270,0.9254633,1.164545
1271,0.9479131,1.2357403
1272,0.98884404,1.2357403
1273,0.99825543,1.3069354
1274,0.99933803,1.3069354
1275,0.9995278,0.95095974
1276,0.987178,1.164545
1277,0.99930084,1.0933499
1278,0.9989875,1.2357403
1279,0.999567,1.4493257
1280,0.9997154,0.59498405
1281,0.34354118,0.87976456
1282,0.8702572,0.80856943
1283,0.99008477,0.7373743
1284,0.95108575,0.80856943
1285,0.9844498,1.164545
1286,0.9985599,1.3069354
1287,0.9989243,1.3069354
1288,0.9993494,1.3069354
1289,0.99946827,1.2357403
1290,0.9994734,1.3781306
1291,0.9996234,1.3069354
1292,0.9996288,1.3069354
1293,0.9996736,1.164545
1294,0.9994777,1.2357403
1295,0.99961,1.3069354
1296,0.99968016,1.2357403
1297,0.9996099,1.3069354
1298,0.9997009,1.3069354
1299,0.99969876,1.3781306
1300,0.9997421,1.3069354
1301,0.99971026,1.164545
1302,0.99952936,0.95095974
1303,0.9961569,1.2357403
1304,0.99959725,1.2357403
1305,0.99959546,1.3069354
1306,0.9997081,1.3781306
1307,0.9997429,1.4493257
1308,0.9997671,1.3781306
1309,0.999754,1.3781306
1310,0.9997638,1.3069354
1311,0.9997383,1.4493257
1312,0.99977845,1.4493257
1313,0.9997762,1.3069354
1314,0.99973613,1.4493257
1315,0.99978274,1.5205208
1316,0.99978906,1.5917159